<?xml version="1.0" encoding="utf-8"?>
<extension type="component" version="2.5" method="upgrade">
    <name>com_jm_slider_revolution</name>
    <creationDate>2014-09-25</creationDate>
    <copyright>Copyright (C) 2014. All rights reserved.</copyright>
    <license>GNU General Public License version 2 or later; see LICENSE.txt</license>
    <author>JoomlaMan</author>
    <authorEmail>support@joomlaman.com</authorEmail>
    <authorUrl>http://JoomlaMan.com</authorUrl>
    <version>1.0.0</version>
    <description>Jm Slider Revolution Joomla CMS</description>
    <install> <!-- Runs on install -->
        <sql>
            <file driver="mysql" charset="utf8">sql/install.mysql.utf8.sql</file>
        </sql>
    </install>
    <uninstall> <!-- Runs on uninstall -->
        <sql>
            <file driver="mysql" charset="utf8">sql/uninstall.mysql.utf8.sql</file>
        </sql>
    </uninstall>
    <administration>
        <menu img="components/com_jm_slider_revolution/assets/images/s_com_jm_slider_revolution.png" >COM_JM_SLIDER_REVOLUTION</menu>
        <submenu>
            
			<menu link="option=com_jm_slider_revolution&amp;view=sliders" view="sliders" img="components/com_jm_slider_revolution/assets/images/s_sliders.png" alt="Jm_slider_revolution/Sliders">COM_JM_SLIDER_REVOLUTION_TITLE_SLIDERS</menu>
			<menu link="option=com_jm_slider_revolution&amp;view=slides" view="slides" img="components/com_jm_slider_revolution/assets/images/s_slides.png" alt="Jm_slider_revolution/Slides">COM_JM_SLIDER_REVOLUTION_TITLE_SLIDES</menu>

        </submenu>
        <files folder="administrator">
            <filename>access.xml</filename>
            <filename>config.xml</filename>
            <filename>controller.php</filename>
            <filename>index.html</filename>
            <filename>jm_slider_revolution.php</filename>
            <folder>controllers</folder>
            <folder>assets</folder>
            <folder>classes</folder>
            <folder>helpers</folder>
            <folder>models</folder>
            <folder>sql</folder>
            <folder>tables</folder>
            <folder>views</folder>
            <folder>language</folder>
        </files>
        <languages folder="administrator">
            
			<language tag="en-GB">language/en-GB/en-GB.com_jm_slider_revolution.ini</language>
			<language tag="en-GB">language/en-GB/en-GB.com_jm_slider_revolution.sys.ini</language>
        </languages>
    </administration>
    <plugins>
        <plugin group="search" plugin="jm_slider_revolution"/>
    </plugins>
    
</extension>
<!-- Component built by the Joomla Component Creator -->
<!-- http://www.component-creator.com/ -->
